qid,True Answer,Predicted Answer,Jaccard,Recall,Precision,F1,EditDist,EM,Chrf++,BERT,Perp_ans
0,Learning Resource Center,Learning Resource Center,1.0,1.0,1.0,1.0,0,1,1.0,1.0,1.0074740636191204
1,musical comedy,musical comedy,1.0,1.0,1.0,1.0,0,1,1.0,1.0,1.0396343152266176
2,Michael Jackson,Michael Jackson,1.0,1.0,1.0,1.0,0,1,1.0,1.0,1.0039323433195009
3,Beck,Drake,0.0,0.0,0.0,0.0,4,0,0.0595238134264946,0.6597530841827393,2.3697038922350773
4,Angela Merkel and Nkosazana Dlamini-Zuma,Angela Merkel and Nkosazana Dlamini-Zuma,1.0,1.0,1.0,1.0,0,1,1.0,1.0,1.0052170719590758
5,Célestine Guynemer de la Hailandière,Bishop of Vincennes,0.0,0.0,0.0,0.0,31,0,0.04787562042474747,0.4073152244091034,1.1858401150306184
6,Father Julius Nieuwland,John I. Jenkins,0.0,0.0,0.0,0.0,18,0,0.03865979611873627,0.34602248668670654,1.3387289830840825
7,among the top twenty,18th,0.0,0.0,0.0,0.0,18,0,0.026689469814300537,0.39429956674575806,1.1412795854616031
8,three,three,1.0,1.0,1.0,1.0,0,1,0.75,1.0,1.110376371731327
9,1950,1950,1.0,1.0,1.0,1.0,0,1,0.625,1.0,1.005333521790721
10,third woman,third,0.5,0.5,1.0,0.6666666666666666,6,0,0.3216269910335541,0.6557126641273499,1.0774962955256762
11,Fighting Temptations,Fighting Temptation,0.3333333333333333,0.5,0.5,0.5,1,0,0.7752782106399536,0.6716211438179016,1.014342123607216
12,Starpower: Beyoncé,Starpower: Beyoncé,1.0,1.0,1.0,1.0,0,1,1.0,1.0,1.006551505441665
13,Her mother,IDK,0.0,0.0,0.0,0.0,10,0,0.0,0.479861855506897,1.7619139929408334
14,January 2013,January 2013,1.0,1.0,1.0,1.0,0,1,1.0,0.9999999403953552,1.272407306690824
15,January 2013,January 2013,1.0,1.0,1.0,1.0,0,1,1.0,0.9999999403953552,1.0117382890585096
16,L'Oréal,L'Oréal,1.0,1.0,1.0,1.0,0,1,0.875,1.0,1.0052572167564746
17,President Obama,Barack Obama,0.3333333333333333,0.5,0.5,0.5,9,0,0.2290237993001938,0.7841206789016724,1.3160328643142225
18,Bond Hall,Bond Hall,1.0,1.0,1.0,1.0,0,1,1.0,1.0,1.0038040713876342
19,118 million,11 million copies,0.25,0.5,0.3333333333333333,0.4,8,0,0.47377341985702515,0.6645538210868835,1.3674329161974645
20,boldness,"Beyoncé donated her entire salary from the film to Phoenix House, an organization of rehabilitation centers for heroin addicts around the country",0.0,0.0,0.0,0.0,139,0,0.03619035333395004,0.24108462035655975,1.0518786193005014
21,20,20,1.0,1.0,1.0,1.0,0,1,0.375,1.0,1.175637988038657
22,Foxxy Cleopatra,Foxxy Cleopatra,1.0,1.0,1.0,1.0,0,1,1.0,1.0,1.0011584916554017
23,Angela Merkel and Nkosazana Dlamini-Zuma,Angela Merkel and Nkosazana Dlamini-Zuma,1.0,1.0,1.0,1.0,0,1,1.0,1.0,1.0064106750215784
24,The Guardian,Billboard,0.0,0.0,0.0,0.0,9,0,0.08774635940790176,0.5060145258903503,1.011931293382268
25,exclusively,"a feature on Jay Z's ""'03 Bonnie & Clyde"" that was released in October 2002, peaking at number four on the U.S. Billboard Hot 100",0.0,0.0,0.0,0.0,123,0,0.04643223434686661,0.2869642972946167,1.1146562810333767
26,8 million,around 8 million copies,0.5,1.0,0.5,0.6666666666666666,14,0,0.7040059566497803,0.6135432124137878,1.0641880399051502
27,Her appearance,Beyonce pregnant,0.0,0.0,0.0,0.0,12,0,0.11583371460437775,0.41990190744400024,1.3470702903092957
28,the steps of Bond Hall,Bond Hall,0.4,0.4,1.0,0.5714285714285715,13,0,0.3918221592903137,0.6815482974052429,1.3499556032145383
29,Revel Atlantic City's Ovation Hall,Revel Atlantic City's Ovation Hall,1.0,1.0,1.0,1.0,0,1,1.0,1.0,1.0211188471492514
30,more than 93%,93%,0.5,0.5,1.0,0.6666666666666666,10,0,0.20406879484653473,0.7344385981559753,1.0764544282471817
31,age eight,eight,0.5,0.5,1.0,0.6666666666666666,4,0,0.39505624771118164,0.5816171169281006,1.068447844279449
32,2006 Fashion Rocks concert,2006 Fashion Rocks concert,1.0,1.0,1.0,1.0,0,1,1.0,1.0,1.0969107535292617
33,four,two,0.0,0.0,0.0,0.0,4,0,0.032894738018512726,0.8519210815429688,2.182644595730942
34,Lenox Hill Hospital in New York.,New York,0.2857142857142857,0.2857142857142857,1.0,0.4444444444444445,24,0,0.22718870639801025,0.5706542134284973,1.196048835975633
35,"sportswear, denim offerings with fur, outerwear and accessories that include handbags and footwear",fur,0.07692307692307693,0.07692307692307693,1.0,0.14285714285714288,95,0,0.02115892991423607,0.381095826625824,1.1993481720560895
36,105,105,1.0,1.0,1.0,1.0,0,1,0.5,0.9999999403953552,1.0976975097718626
37,"February 6, 2016","February 6, 2016",1.0,1.0,1.0,1.0,0,1,1.0,1.0,1.0101149531118885
38,The Observer,The Observer,1.0,1.0,1.0,1.0,0,1,1.0,1.0,1.0120126425398654
39,leadership in girls,leadership in girls,1.0,1.0,1.0,1.0,0,1,1.0,1.0,1.048448670307192
40,Coldplay,Topshop,0.0,0.0,0.0,0.0,7,0,0.03205128014087677,0.5245475172996521,1.5385472362100443
41,2011,late 2011,0.5,1.0,0.5,0.6666666666666666,5,0,0.4657476842403412,0.7232330441474915,1.058685631589062
42,NDtv,NDtv,1.0,1.0,1.0,1.0,0,1,0.625,1.0,1.006189081937026
43,MTV Movie Award for Best Fight,2010 MTV Movie Award for Best Fight,0.8571428571428571,1.0,0.8571428571428571,0.923076923076923,5,0,0.9652692675590515,0.9394501447677612,1.0588908077532293
44,Suga Mama,Suga Mama,1.0,1.0,1.0,1.0,0,1,1.0,1.0,1.0018187598517259
45,same sex marriage,after the Supreme Court debate on California's Proposition 8,0.0,0.0,0.0,0.0,51,0,0.07864652574062347,0.27292537689208984,1.0248933534965827
46,1887,IDK,0.0,0.0,0.0,0.0,4,0,0.0,0.4271013140678406,1.250954278890232
47,2010,2011,0.0,0.0,0.0,0.0,1,0,0.2395833432674408,0.9404063820838928,1.1339731113671083
48,almost 4 million,IDK,0.0,0.0,0.0,0.0,16,0,0.0,0.3951473832130432,1.5463181601831755
49,15 million,15 million,1.0,1.0,1.0,1.0,0,1,1.0,1.0,1.108972927735914
50,romance,romance,1.0,1.0,1.0,1.0,0,1,0.875,1.0,1.2169295906404403
51,250 million,$250 million,0.6666666666666666,1.0,0.6666666666666666,0.8,1,0,0.9472737312316895,0.8117700219154358,1.0686884814561122
52,GateFive,GateFive,1.0,1.0,1.0,1.0,0,1,0.875,1.0,1.0424763448700467
53,Ohio State University,University of Alabama,0.2,0.3333333333333333,0.3333333333333333,0.3333333333333333,18,0,0.39126792550086975,0.6239947080612183,2.8223544227831994
54,Dreamgirls,Rudy,0.0,0.0,0.0,0.0,10,0,0.0,0.4225098192691803,1.1818995162336592
55,late 1990s,early 1900s,0.0,0.0,0.0,0.0,5,0,0.14084039628505707,0.7191871404647827,1.3131812873745217
56,Darlette Johnson,Darlette Johnson,1.0,1.0,1.0,1.0,0,1,1.0,1.0000001192092896,1.0027244731466247
57,Drake,Beyoncé,0.0,0.0,0.0,0.0,7,0,0.023148149251937866,0.3064648509025574,1.0816292820740088
58,Heat,Heat,1.0,1.0,1.0,1.0,0,1,0.625,1.000000238418579,1.0089332955434345
59,Professor of Chemistry and Physics,Professor of Chemistry and Physics,1.0,1.0,1.0,1.0,0,1,1.0,1.0000001192092896,1.0453283490853085
60,ten,52,0.0,0.0,0.0,0.0,3,0,0.0,0.5822060108184814,1.277001783169119
61,Professor Jerome Green,Professor Jerome Green,1.0,1.0,1.0,1.0,0,1,1.0,1.0,1.139280548902254
62,"November 26, 1842",IDK,0.0,0.0,0.0,0.0,17,0,0.0,0.3008357286453247,1.2888358226812362
63,On the Run Tour.,On the Run Tour,0.8,0.8,1.0,0.888888888888889,1,0,0.8929162621498108,0.8841810822486877,1.0051585670248937
64,The Mamas,IDK,0.0,0.0,0.0,0.0,9,0,0.0,0.44693365693092346,1.3520993041980436
65,its Fighting Irish football team,The Great Gatsby,0.0,0.0,0.0,0.0,26,0,0.054973430931568146,0.309625506401062,1.1028298730334734
66,Met Gala.,Met Gala,0.6666666666666666,0.6666666666666666,1.0,0.8,1,0,0.7810989618301392,0.7252801060676575,1.0432442149390075
67,her mother,her mother,1.0,1.0,1.0,1.0,0,1,1.0,1.0,1.0580690054395245
68,1963,1963,1.0,1.0,1.0,1.0,0,1,0.625,0.9999999403953552,1.0036102311375728
69,Harvard Law School,Harvard Law School,1.0,1.0,1.0,1.0,0,1,1.0,1.0000001192092896,1.0808984120759235
70,Single Ladies,Single Ladies,1.0,1.0,1.0,1.0,0,1,1.0,0.9999999403953552,1.112975196277608
71,Heat,IDK,0.0,0.0,0.0,0.0,4,0,0.0,0.4724999666213989,1.4249860928181513
72,versatile,versatile,1.0,1.0,1.0,1.0,0,1,0.875,1.0000001192092896,1.0919194034782027
73,number four,number four,1.0,1.0,1.0,1.0,0,1,1.0,0.9999999403953552,1.1594803286002204
74,"""Single Ladies (Put a Ring on It)""",Single Ladies (Put a Ring on It),0.8181818181818182,0.8181818181818182,1.0,0.9,2,0,0.8764810562133789,0.8492964506149292,1.0200706128487331
75,1865,1865,1.0,1.0,1.0,1.0,0,1,0.625,0.9999999403953552,1.0023266185125563
76,Tommy Hilfiger,Tommy Hilfiger,1.0,1.0,1.0,1.0,0,1,1.0,1.0,1.0011432301224497
77,Rise Up,"""Notre Dame Victory March""",0.0,0.0,0.0,0.0,24,0,0.026595745235681534,0.3358553647994995,1.1971133429630618
78,"310,000","310,000",1.0,1.0,1.0,1.0,0,1,0.875,1.0000001192092896,1.0427415773509325
79,118 million,118 million,1.0,1.0,1.0,1.0,0,1,1.0,1.0,1.2586704351161695
80,Washington Hall,Jeweled Shillelagh,0.0,0.0,0.0,0.0,17,0,0.06975221633911133,0.3415180444717407,1.206395698375453
81,Jay Z,Marc Nelson,0.0,0.0,0.0,0.0,9,0,0.024038461968302727,0.4312087297439575,1.0156564614721664
82,one of the 100 largest,IDK,0.0,0.0,0.0,0.0,22,0,0.0,0.3690264821052551,1.2305351285769635
83,Tommy Hilfiger,Tommy Hilfiger,1.0,1.0,1.0,1.0,0,1,1.0,1.0,1.0011432301224497
84,Charlie's Angels.,Charlie's Angels,0.75,0.75,1.0,0.8571428571428571,1,0,0.862851619720459,0.8831068873405457,1.0012766723890547
85,Sasha Fierce for Deréon,junior apparel label,0.0,0.0,0.0,0.0,21,0,0.0641183853149414,0.36313244700431824,1.1660466823116773
86,four,four,1.0,1.0,1.0,1.0,0,1,0.625,1.0000001192092896,1.2508620277184666
87,Houston,Houston,1.0,1.0,1.0,1.0,0,1,0.875,1.0000001192092896,1.028800570760642
88,B'Day,B'Day,1.0,1.0,1.0,1.0,0,1,0.75,0.9999999403953552,1.0010798268344767
89,Bootylicious,Bootylicious,1.0,1.0,1.0,1.0,0,1,0.875,0.9999998807907104,1.0045588263699208
90,Retired priests and brothers,Retired priests and brothers,1.0,1.0,1.0,1.0,0,1,1.0,0.9999998807907104,1.0378099869979311
91,U.S. News & World Report,U.S. News & World Report,1.0,1.0,1.0,1.0,0,1,1.0,1.0,1.0006458037671195
92,her mother's maiden name,Beyonce is a nickname given to a female singer by her parents.,0.0625,0.2,0.08333333333333333,0.11764705882352941,50,0,0.15892530977725983,0.3911232054233551,2.2181579364646264
93,Michelle Obama,Michael Jackson,0.0,0.0,0.0,0.0,9,0,0.1513175219297409,0.535742998123169,1.0100727737365651
94,Mariah Carey,Mariah Carey,1.0,1.0,1.0,1.0,0,1,1.0,1.0000001192092896,1.0006004739743255
95,Sasha Fierce for Deréon,Sasha Fierce for Deréon,1.0,1.0,1.0,1.0,0,1,1.0,1.0000001192092896,1.0291655507308466
96,Dean of Arts and Letters,Dean of Arts and Letters,1.0,1.0,1.0,1.0,0,1,1.0,1.0,1.020470720016576
97,Paris,MTV Video Music Awards,0.0,0.0,0.0,0.0,19,0,0.08248492330312729,0.2802945375442505,1.2790116511175458
98,Women,a Spanish-language audience,0.0,0.0,0.0,0.0,25,0,0.0434027761220932,0.3435038924217224,1.1257360377018542
99,more than half,more than half,1.0,1.0,1.0,1.0,0,1,1.0,1.0,1.0745986018928464
100,28,28,1.0,1.0,1.0,1.0,0,1,0.375,1.0000001192092896,1.0261027796457278
101,Love on Top,Love on Top,1.0,1.0,1.0,1.0,0,1,1.0,1.0,1.055004564666921
102,1904,1904,1.0,1.0,1.0,1.0,0,1,0.625,1.0,1.001808846200689
103,Driehaus Architecture Prize,Driehaus Architecture Prize,1.0,1.0,1.0,1.0,0,1,1.0,1.0,1.0331105874830435
104,1st overall,1st overall,1.0,1.0,1.0,1.0,0,1,1.0,1.0000001192092896,1.116950375761512
105,African-American,African-American,1.0,1.0,1.0,1.0,0,1,0.875,0.9999999403953552,1.3026781780105898
106,African-American,African-American,1.0,1.0,1.0,1.0,0,1,0.875,0.9999999403953552,1.3026778049470074
107,the Congregation of the Holy Cross,Congregation of the Holy Cross,1.0,1.0,1.0,1.0,4,0,0.892122745513916,0.932461142539978,1.0847356249106066
108,vocal runs,performing,0.0,0.0,0.0,0.0,9,0,0.040760867297649384,0.49785828590393066,2.362767542847432
109,White Rabbits,White Rabbits,1.0,1.0,1.0,1.0,0,1,1.0,1.0,1.003827252517387
110,Five months,Five months,1.0,1.0,1.0,1.0,0,1,1.0,1.0,1.035614004822029
111,Hottest Female Singer of All Time,Survivor,0.0,0.0,0.0,0.0,31,0,0.02083333395421505,0.240378275513649,1.5182151153176289
112,Ray Kroc,Ray Kroc,1.0,1.0,1.0,1.0,0,1,1.0,0.9999999403953552,1.0060341927241174
113,St. John's United Methodist Church,St. John's United Methodist Church,1.0,1.0,1.0,1.0,0,1,1.0,1.0,1.0158328888568595
114,Fr. Matthew Walsh,Fr. Matthew Walsh,1.0,1.0,1.0,1.0,0,1,1.0,1.0,1.00221368792667
115,the 1940s,1940s,0.5,0.5,1.0,0.6666666666666666,4,0,0.39505624771118164,0.7695640325546265,1.1419945490831513
116,57.6%,57.6%,1.0,1.0,1.0,1.0,0,1,0.875,1.0000001192092896,1.00932705667225
117,Touré,Touré,1.0,1.0,1.0,1.0,0,1,0.75,1.0,1.0071535703377583
118,Listen,Summertime,0.0,0.0,0.0,0.0,9,0,0.05514705553650856,0.515444815158844,1.1564791903496259
119,the Science Department,Catholic Summer School,0.0,0.0,0.0,0.0,20,0,0.08223684132099152,0.4197964072227478,1.2688845975313243
120,21–24%,Around 21–24%,0.6666666666666666,1.0,0.6666666666666666,0.8,7,0,0.7431588172912598,0.8361537456512451,1.0983420259900296
121,Vogue,Vogue,1.0,1.0,1.0,1.0,0,1,0.75,1.0,1.001079626428095
122,Beyond Productions,Beyond Productions,1.0,1.0,1.0,1.0,0,1,1.0,1.0,1.0067288561402579
123,the Drummers' Circle,Drummers' Circle,0.75,0.75,1.0,0.8571428571428571,4,0,0.8155404329299927,0.9039424657821655,1.0345816057705068
124,Epic,Epic,1.0,1.0,1.0,1.0,0,1,0.625,1.0,1.0077423442622564
125,Life Is But a Dream,Life Is But a Dream,1.0,1.0,1.0,1.0,0,1,1.0,1.0,1.0012893631293616
126,since the age of 18,since the age of 18,1.0,1.0,1.0,1.0,0,1,1.0,1.0,1.0697195933426107
127,six years,six years,1.0,1.0,1.0,1.0,0,1,1.0,1.0000001192092896,1.1237523020444173
128,New York's Roseland Ballroom,MTV Video Music Awards,0.0,0.0,0.0,0.0,23,0,0.042016807943582535,0.31813088059425354,1.0904795935074636
129,non-union workers,non-union workers,1.0,1.0,1.0,1.0,0,1,1.0,1.0,1.0180526859297392
130,Beyoncé,Beyoncé,1.0,1.0,1.0,1.0,0,1,0.875,1.0,1.1045356620545024
131,Sean Astin,Sean Astin,1.0,1.0,1.0,1.0,0,1,1.0,1.0,1.000542728299611
132,President Emeritus of the University of Notre Dame,14-story,0.0,0.0,0.0,0.0,45,0,0.0173611119389534,0.28142717480659485,1.3243219650230913
133,Michael Jackson,Michael Jackson,1.0,1.0,1.0,1.0,0,1,1.0,1.0,1.0045636425735807
134,Houston,IDK,0.0,0.0,0.0,0.0,7,0,0.0,0.4289363622665405,1.462009748544513
135,1928,1928,1.0,1.0,1.0,1.0,0,1,0.625,0.9999999403953552,1.0099598945043464
136,2013 and 2014,2013 and 2014,1.0,1.0,1.0,1.0,0,1,1.0,0.9999999403953552,1.0270183927591432
137,2015,IDK,0.0,0.0,0.0,0.0,4,0,0.0,0.4607280194759369,1.1783072306754503
138,The Mrs. Carter Show,The Mrs. Carter Show World Tour,0.6666666666666666,1.0,0.6666666666666666,0.8,11,0,0.8956280946731567,0.8006267547607422,1.0134590833709773
139,Dean of Arts and Letters,Dean of Arts and Letters,1.0,1.0,1.0,1.0,0,1,1.0,1.0,1.020470720016576
140,she would bring her back,I'm not like her in real life at all,0.07142857142857142,0.2,0.1,0.13333333333333333,26,0,0.12223607301712036,0.3035062253475189,1.1175387230863956
141,Farrah Franklin and Michelle Williams.,Farrah Franklin and Michelle Williams,0.8333333333333334,0.8333333333333334,1.0,0.9090909090909091,1,0,0.94269859790802,0.9119848012924194,1.0149577439809034
142,Basilica of the Sacred Heart,Basilica of the Sacred Heart,1.0,1.0,1.0,1.0,0,1,1.0,1.0,1.0100268328236788
143,nine months,IDK,0.0,0.0,0.0,0.0,11,0,0.0,0.38103020191192627,1.518535730643078
144,1883,1883,1.0,1.0,1.0,1.0,0,1,0.625,1.0,1.00095679930573
145,MTV,IDK,0.0,0.0,0.0,0.0,3,0,0.0,0.5059357285499573,1.5246878057292523
146,Luigi Gregori,Luigi Gregori,1.0,1.0,1.0,1.0,0,1,1.0,1.0,1.0035177973692502
147,her mother,IDK,0.0,0.0,0.0,0.0,10,0,0.0,0.479861855506897,1.480282356513569
148,Topshop,Topshop,1.0,1.0,1.0,1.0,0,1,0.875,1.0,1.0423600385311034
149,the Main Building,Main Building,0.6666666666666666,0.6666666666666666,1.0,0.8,4,0,0.7542383670806885,0.8685510158538818,1.0590034729031643
150,1925,1925,1.0,1.0,1.0,1.0,0,1,0.625,1.0,1.0028890630900937
151,Vogue,Vogue,1.0,1.0,1.0,1.0,0,1,0.75,1.0,1.0235199507599562
152,80%,80%,1.0,1.0,1.0,1.0,0,1,0.625,1.0,1.052285960406534
153,Beyonce pregnant,Beyonce pregnant,1.0,1.0,1.0,1.0,0,1,1.0,1.0,1.0463702315917782
154,Austin Powers in Goldmember,Austin Powers in Goldmember,1.0,1.0,1.0,1.0,0,1,1.0,1.0,1.0102543163016882
155,Josephine Baker.,Josephine Baker,0.6666666666666666,0.6666666666666666,1.0,0.8,1,0,0.8589766025543213,0.765886127948761,1.0081709991335441
156,Book of Isaiah,Book of Isaiah,1.0,1.0,1.0,1.0,0,1,1.0,1.0,1.0516701529327293
157,H&M,H&M,1.0,1.0,1.0,1.0,0,1,0.5,1.0,1.0024191093117705
158,Tom Ford's Spring/Summer 2011 fashion show,IDK,0.0,0.0,0.0,0.0,42,0,0.0,0.31577786803245544,1.5512431463456766
159,At Last,Imagine,0.0,0.0,0.0,0.0,7,0,0.02016128972172737,0.23316410183906555,1.2229065771214256
160,$350 million,"During his tenure, Notre Dame has increased its endowment",0.0,0.0,0.0,0.0,51,0,0.03360214829444885,0.2829846143722534,1.310955240523745
161,Oprah Winfrey,Oprah Winfrey,1.0,1.0,1.0,1.0,0,1,1.0,1.0,1.003811130609105
162,Tumblr,Instagram,0.0,0.0,0.0,0.0,8,0,0.03787878900766373,0.523847222328186,1.2119864934191062
163,Ike,Hurricane Ike,0.5,1.0,0.5,0.6666666666666666,10,0,0.29272398352622986,0.6041814088821411,1.0776221935001482
164,"May 27, 2010","May 27, 2010",1.0,1.0,1.0,1.0,0,1,1.0,1.0,1.0149130687373566
165,School of Architecture,School of Architecture,1.0,1.0,1.0,1.0,0,1,1.0,1.0,1.201328274464885
166,Malloy,Malloy,1.0,1.0,1.0,1.0,0,1,0.875,1.0000001192092896,1.0011990714398884
167,Dreamgirls,Dreamgirls,1.0,1.0,1.0,1.0,0,1,0.875,1.0,1.0047116065787616
168,Jay Z,Jay Z,1.0,1.0,1.0,1.0,0,1,0.75,0.9999999403953552,1.0013920752851257
169,Clinton Bush Haiti Fund,Clinton Bush Haiti Fund,1.0,1.0,1.0,1.0,0,1,1.0,1.0,1.0819912431375824
170,2003,2006,0.0,0.0,0.0,0.0,1,0,0.2395833432674408,0.8703467845916748,1.3041077901691989
171,English,English,1.0,1.0,1.0,1.0,0,1,0.875,1.0,1.0158995500916708
172,the 1870s,1870s,0.5,0.5,1.0,0.6666666666666666,4,0,0.39505624771118164,0.7023680210113525,1.0418983094925145
173,the Notre Dame Victory March and the Notre Dame Alma Mater,Notre Dame Victory March and the Notre Dame Alma Mater,1.0,1.0,1.0,1.0,4,0,0.9403893947601318,0.9621732831001282,1.064554499747712
174,Houston,IDK,0.0,0.0,0.0,0.0,7,0,0.0,0.4289363622665405,1.4620082515245016
175,Spanish,Spanish,1.0,1.0,1.0,1.0,0,1,0.875,1.0,1.009604298251284
176,Jim Wetherbee,Jim Wetherbee,1.0,1.0,1.0,1.0,0,1,1.0,1.0,1.0062364457698894
177,Navy Blue and Gold Rush,Navy Blue and Gold Rush,1.0,1.0,1.0,1.0,0,1,1.0,1.0,1.0072634251772803
178,the 1940s,1940s,0.5,0.5,1.0,0.6666666666666666,4,0,0.39505624771118164,0.7695640325546265,1.1419945490831513
179,five,five,1.0,1.0,1.0,1.0,0,1,0.625,1.0000001192092896,1.2720886977092212
180,natural pictures be used,if she considers herself a feminist,0.0,0.0,0.0,0.0,29,0,0.08248833566904068,0.3329681158065796,1.1421448468281052
181,L'Officiel,L'Officiel,1.0,1.0,1.0,1.0,0,1,0.875,1.0,1.008520273355343
182,2005,"July 1, 2005",0.25,1.0,0.25,0.4,8,0,0.3985077440738678,0.5139082670211792,1.017167091143064
183,Saturday,Saturday,1.0,1.0,1.0,1.0,0,1,0.875,1.0,1.0224176617347103
184,Lady Gaga,Lady Gaga,1.0,1.0,1.0,1.0,0,1,1.0,1.0,1.1075233233992037
185,Hall of Liberal Arts,Hall of Liberal Arts,1.0,1.0,1.0,1.0,0,1,1.0,0.9999999403953552,1.0609243868885843
186,105,105,1.0,1.0,1.0,1.0,0,1,0.5,0.9999999403953552,1.0976975097718626
187,R&B,Love,0.0,0.0,0.0,0.0,4,0,0.0,0.4345526397228241,3.384308202438074
188,8th,8th,1.0,1.0,1.0,1.0,0,1,0.5,0.9999998807907104,1.0435887076506607
189,Girl's Tyme,Destiny's Child,0.2,0.3333333333333333,0.3333333333333333,0.3333333333333333,11,0,0.08219954371452332,0.4818319082260132,1.0392401829879767
190,"83,000 square feet","83,000 square feet",1.0,1.0,1.0,1.0,0,1,1.0,0.9999999403953552,1.104729050686359
191,since the age of 18,since the age of 18,1.0,1.0,1.0,1.0,0,1,1.0,1.0,1.0697197201500006
192,Washington Hall,Jeweled Shillelagh,0.0,0.0,0.0,0.0,17,0,0.06975221633911133,0.3415180444717407,1.206395171654559
193,19.7%,19.7%,1.0,1.0,1.0,1.0,0,1,0.875,1.0,1.0157118282948712
194,twice,twice a year,0.3333333333333333,1.0,0.3333333333333333,0.5,7,0,0.5330357551574707,0.5328063368797302,1.009648222104264
195,Eric F. Wieschaus,Eric F. Wieschaus,1.0,1.0,1.0,1.0,0,1,1.0,1.0000001192092896,1.017084330888435
196,$9 million,$350 million,0.5,0.6666666666666666,0.6666666666666666,0.6666666666666666,3,0,0.5678490996360779,0.8181688785552979,1.0241721354053699
197,Jay Z,Jay Z,1.0,1.0,1.0,1.0,0,1,0.75,0.9999999403953552,1.001895268631324
198,Clinton Bush Haiti Fund,Clinton Bush Haiti Fund,1.0,1.0,1.0,1.0,0,1,1.0,1.0,1.0819911301942804
199,tart,tart,1.0,1.0,1.0,1.0,0,1,0.625,1.0,1.0043151942665003
