qid,True Answer,Predicted Answer,Jaccard,Recall,Precision,F1,EditDist,EM,BERT,Perp_ans,IDK
0,"February 6, 2016","February 6, 2016",1.0,1.0,1.0,1.0,0,1,1.0,1.0215095900766265,0
1,Freddie Gray,Freddie Gray,1.0,1.0,1.0,1.0,0,1,1.0,1.0662162789497573,0
2,"January 7, 2012","January 7, 2012",1.0,1.0,1.0,1.0,0,1,1.0,1.0275179690258638,0
3,four nights,four nights,1.0,1.0,1.0,1.0,0,1,0.9999998807907104,1.215630237606714,0
4,Ike,Hurricane Ike,0.5,1.0,0.5,0.6666666666666666,10,0,0.6041814088821411,1.1538545562450944,0
5,Hurricane Katrina,Hurricane Katrina,1.0,1.0,1.0,1.0,0,1,1.0000001192092896,1.0071009077294377,0
6,Beyontourage,The Beyontourage,0.5,1.0,0.5,0.6666666666666666,4,0,0.8821149468421936,1.0476187595043849,0
7,beehive,beehive,1.0,1.0,1.0,1.0,0,1,1.0,1.0103019874036439,0
8,Twitter,Twitter,1.0,1.0,1.0,1.0,0,1,1.0000001192092896,1.0020175984976105,0
9,2010,2010,1.0,1.0,1.0,1.0,0,1,0.9999999403953552,1.010448585702749,0
10,the head of the G7 in Germany,head of the G7 in Germany,1.0,1.0,1.0,1.0,4,0,0.9370081424713135,1.1480868196861402,0
11,the ONE Campaign,the ONE Campaign,1.0,1.0,1.0,1.0,0,1,1.0,1.2005968930633624,0
12,2015,2015,1.0,1.0,1.0,1.0,0,1,1.0,1.0176198083710162,0
13,the ONE Campaign,Angela Merkel and Nkosazana Dlamini-Zuma,0.0,0.0,0.0,0.0,33,0,0.2392483502626419,1.0128558736787323,0
14,June 2013,June 2013,1.0,1.0,1.0,1.0,0,1,1.0,1.0100589853328645,0
15,Starpower: Beyoncé,Starpower: Beyoncé,1.0,1.0,1.0,1.0,0,1,1.0,1.006266110585798,0
16,House of Deréon,Beyonce's clothing line is known as Beyonce's,0.0,0.0,0.0,0.0,37,0,0.3050422668457031,1.461770299619738,0
17,2006,2006,1.0,1.0,1.0,1.0,0,1,1.0000001192092896,1.0055430249807216,0
18,1952–87,1986,0.0,0.0,0.0,0.0,4,0,0.5316930413246155,1.6503454340859292,0
19,950,950,1.0,1.0,1.0,1.0,0,1,0.9999998807907104,1.01202672487204,0
20,1917–2015,President Emeritus,0.0,0.0,0.0,0.0,18,0,0.3389882743358612,1.0277581414805865,0
21,Our Lady of the Lake,Our Lady of the Lake,1.0,1.0,1.0,1.0,0,1,1.0,1.0150039349682498,0
22,Rudy Perez,Rudy Perez,1.0,1.0,1.0,1.0,0,1,1.0,1.0118902942213717,0
23,B'Day,B'Day,1.0,1.0,1.0,1.0,0,1,0.9999999403953552,1.003539410512858,0
24,B'Day.,B'Day,0.5,0.5,1.0,0.6666666666666666,1,0,0.8751673698425293,1.0089407569893967,0
25,33,33,1.0,1.0,1.0,1.0,0,1,1.0000001192092896,1.0606954160904787,0
26,1849,1870s,0.0,0.0,0.0,0.0,3,0,0.8066526651382446,1.1610123969628527,0
27,Kite Realty,Kite Realty,1.0,1.0,1.0,1.0,0,1,0.9999998807907104,1.0251930812399668,0
28,1842,1842,1.0,1.0,1.0,1.0,0,1,0.9999999403953552,1.0048103622440439,0
29,modelling,acting,0.0,0.0,0.0,0.0,6,0,0.6284252405166626,1.2861933701692816,0
30,number 1,1,0.5,0.5,1.0,0.6666666666666666,7,0,0.7100424766540527,1.0151022500383413,0
31,People,People,1.0,1.0,1.0,1.0,0,1,1.0,1.0008733044556484,0
32,2013,January 2013,0.5,1.0,0.5,0.6666666666666666,8,0,0.7211536765098572,1.0737904204340891,0
33,The Mrs. Carter Show World Tour,The Mrs. Carter Show World Tour,1.0,1.0,1.0,1.0,0,1,1.0,1.0113584080289066,0
34,Queen Tara,George Zipp,0.0,0.0,0.0,0.0,10,0,0.3365262746810913,1.15425074482613,0
35,wide-ranging,wide-ranging,1.0,1.0,1.0,1.0,0,1,1.0,1.0282566193701301,0
36,Father Lemonnier,Theodore Hesburgh,0.0,0.0,0.0,0.0,15,0,0.4045323133468628,1.0032924052227994,0
37,hairdresser and salon owner,music,0.0,0.0,0.0,0.0,26,0,0.275800496339798,2.1869537582949663,0
38,Joseph Broussard.,Joseph Broussard,0.6666666666666666,0.6666666666666666,1.0,0.8,1,0,0.8716405630111694,1.002531231203355,0
39,salon,salon,1.0,1.0,1.0,1.0,0,1,0.9999998211860657,1.282198030745616,0
40,Joseph Broussard,Joseph Broussard,1.0,1.0,1.0,1.0,0,1,1.0,1.0026146223618086,0
41,Muammar Gaddafi.,Muammar Gaddafi,0.6666666666666666,0.6666666666666666,1.0,0.8,1,0,0.9106284976005554,1.047726351895761,0
42,The Center for Science in the Public Interest (CSPINET),The Center for Science in the Public Interest,0.7272727272727273,0.7272727272727273,1.0,0.8421052631578948,10,0,0.8004568815231323,1.0891711564430813,0
43,Pepsi,IDK,0.0,0.0,0.0,0.0,5,0,0.5311936140060425,1.8378345234342677,1
44,Pepsi,Pepsi,1.0,1.0,1.0,1.0,0,1,0.9999998807907104,1.0005941055493195,0
45,Flawless,Flawless,1.0,1.0,1.0,1.0,0,1,1.0,1.076158549846863,0
46,endorse Pepsi,endorse Pepsi,1.0,1.0,1.0,1.0,0,1,1.0,1.0046494425724828,0
47,1968,IDK,0.0,0.0,0.0,0.0,4,0,0.4377065896987915,1.2161575289648463,1
48,Global Gateways,Global Gateways,1.0,1.0,1.0,1.0,0,1,1.0,1.003774884118369,0
49,Glory,Glory,1.0,1.0,1.0,1.0,0,1,0.9999998807907104,1.1614124884330133,0
50,Glory,Glory,1.0,1.0,1.0,1.0,0,1,0.9999998807907104,1.122604215871842,0
51,B.I.C.,B.I.C,0.5,0.5,1.0,0.6666666666666666,1,0,0.9219895005226135,1.3773081397155447,0
52,1986,1986,1.0,1.0,1.0,1.0,0,1,0.9999999403953552,1.00323740912423,0
53,Tyra Banks,Tyra Banks,1.0,1.0,1.0,1.0,0,1,1.0,1.0003652647443841,0
54,co-producing,co-producing,1.0,1.0,1.0,1.0,0,1,0.9999998807907104,1.0128710515909107,0
55,co-producing credits,songwriting,0.0,0.0,0.0,0.0,15,0,0.46514615416526794,1.5597566182928768,0
56,greatest entertainer alive,greatest entertainer alive,1.0,1.0,1.0,1.0,0,1,0.9999999403953552,1.1255806715073695,0
57,stage presence and voice,pop singer,0.0,0.0,0.0,0.0,20,0,0.43715956807136536,1.4948473729090006,0
58,she's almost too good,"she ""takes her role as entertainer so seriously she's almost too good.""",0.3333333333333333,1.0,0.3333333333333333,0.5,50,0,0.5670614242553711,1.0592535886326602,0
59,Suga Mama,IDK,0.0,0.0,0.0,0.0,9,0,0.4705217182636261,1.1697012234404618,1
60,2006 BET Awards,2006 BET Awards,1.0,1.0,1.0,1.0,0,1,1.0,1.1141520930949873,0
61,Suga Mama,Suga Mama,1.0,1.0,1.0,1.0,0,1,1.0,1.0026319123927758,0
62,2006,2006,1.0,1.0,1.0,1.0,0,1,1.0000001192092896,1.2651837006106823,0
63,Feria hair color advertisements,Feria hair color advertisements,1.0,1.0,1.0,1.0,0,1,1.0,1.1041483451030216,0
64,work,work,1.0,1.0,1.0,1.0,0,1,0.9999999403953552,1.4009376605011965,0
65,Gwyneth Paltrow,Gwyneth Paltrow,1.0,1.0,1.0,1.0,0,1,1.0,1.0006609262932342,0
66,Driehaus Architecture Prize,Driehaus Architecture Prize,1.0,1.0,1.0,1.0,0,1,1.0,1.0150263365177958,0
67,Airplane!,Airplane!,1.0,1.0,1.0,1.0,0,1,1.0,1.0051652104715536,0
68,The Gipper,The Gipper,1.0,1.0,1.0,1.0,0,1,1.0000001192092896,1.035292177135737,0
69,Jordan Hall of Science,Notre Dame's current president,0.0,0.0,0.0,0.0,23,0,0.3708030879497528,1.3229821771744221,0
70,Green Light,Green Light,1.0,1.0,1.0,1.0,0,1,1.0,1.1314004206601207,0
71,Déjà Vu,Crazy in Love,0.0,0.0,0.0,0.0,12,0,0.44392961263656616,1.0209197274187314,0
72,The First Year of Studies program,First Year of Studies program,0.8333333333333334,0.8333333333333334,1.0,0.9090909090909091,4,0,0.9398067593574524,1.136784109223603,0
73,five,four,0.0,0.0,0.0,0.0,3,0,0.9129936695098877,1.1969321398351656,0
74,Lauryn Hill,Lauryn Hill,1.0,1.0,1.0,1.0,0,1,1.0,1.0009417199964277,0
75,singing and dancing,"basketball, cross country, fencing, golf, lacrosse, rowing, soccer, softball, swimming & diving, tennis, track & field and volleyball",0.05,0.3333333333333333,0.05555555555555555,0.09523809523809525,117,0,0.446739137172699,1.0875549143031182,0
76,Mariah Carey,Diane Warren,0.0,0.0,0.0,0.0,8,0,0.5561326146125793,1.010196544382946,0
77,Beyoncé Giselle Knowles-Carter,Beyoncé,0.3333333333333333,0.3333333333333333,1.0,0.5,23,0,0.6269423961639404,1.038264067465351,0
78,"September 4, 1981","September 4, 1981",1.0,1.0,1.0,1.0,0,1,1.0,1.0026953664226887,0
79,lead singer,band members,0.0,0.0,0.0,0.0,8,0,0.6120412349700928,2.0585856322939913,0
80,2003,2003,1.0,1.0,1.0,1.0,0,1,1.0,1.0556481373296025,0
81,Dangerously in Love,The Writing's on the Wall,0.0,0.0,0.0,0.0,21,0,0.26433348655700684,1.0151383677863826,0
82,Mathew Knowles,Mathew Knowles,1.0,1.0,1.0,1.0,0,1,1.0,1.0825138843095725,0
83,ten nominations,ten,0.5,0.5,1.0,0.6666666666666666,12,0,0.4981573820114136,1.1104658679669328,0
84,a golden statue of the Virgin Mary,LaFortune Center,0.0,0.0,0.0,0.0,27,0,0.3091757297515869,1.094695833490727,0
85,Rev. Michael J. Shea,The Rev. Michael J. Shea,0.8333333333333334,1.0,0.8333333333333334,0.9090909090909091,4,0,0.9203011393547058,1.1306376092201889,0
86,2015,2015,1.0,1.0,1.0,1.0,0,1,1.0,1.0157313634550167,0
87,Old College,Notre Dame Memorial Coliseum,0.0,0.0,0.0,0.0,23,0,0.44278475642204285,1.3968155378104163,0
88,$1.2 million,$1.2 million,1.0,1.0,1.0,1.0,0,1,1.0,1.0021637311432945,0
89,Parkwood Entertainment,Beyond Productions,0.0,0.0,0.0,0.0,17,0,0.6264708042144775,1.016715981427158,0
90,Josephine Baker,Josephine Baker,1.0,1.0,1.0,1.0,0,1,0.9999998807907104,1.004437298066228,0
91,activewear,activewear,1.0,1.0,1.0,1.0,0,1,1.0,1.388256946141484,0
92,activewear,Parkwood Topshop Athletic Ltd,0.0,0.0,0.0,0.0,26,0,0.4670970141887665,1.2232526623588844,0
93,1920,1920,1.0,1.0,1.0,1.0,0,1,0.9999999403953552,1.0027284701208974,0
94,Laetare Medal,Laetare Medal,1.0,1.0,1.0,1.0,0,1,1.0,1.0106603273675094,0
95,Diamonds,Diamonds,1.0,1.0,1.0,1.0,0,1,1.0000001192092896,1.016472679715166,0
96,2010.,2010,0.5,0.5,1.0,0.6666666666666666,1,0,0.6241288781166077,1.0084154796733216,0
97,Beyoncé,Beyoncé,1.0,1.0,1.0,1.0,0,1,1.0,1.0257668239198137,0
98,2013,2013,1.0,1.0,1.0,1.0,0,1,0.9999999403953552,1.0114429599824686,0
99,2008,2008,1.0,1.0,1.0,1.0,0,1,0.9999998807907104,1.1914736846224363,0
100,2010,2010,1.0,1.0,1.0,1.0,0,1,0.9999999403953552,1.00392200003335,0
101,Michael Jackson,The Beyoncé Experience,0.0,0.0,0.0,0.0,19,0,0.582807183265686,1.0110568294384898,0
102,NCAA Division I,NCAA,0.3333333333333333,0.3333333333333333,1.0,0.5,11,0,0.6099596619606018,1.649170154876757,0
103,Max Scheler,Max Scheler,1.0,1.0,1.0,1.0,0,1,0.9999999403953552,1.0027485879597955,0
104,classics and law,classics and law,1.0,1.0,1.0,1.0,0,1,1.0,1.0489375565597683,0
105,Billboard magazine,Billboard magazine,1.0,1.0,1.0,1.0,0,1,0.9999999403953552,1.0460193799111943,0
106,her mother,her mother,1.0,1.0,1.0,1.0,0,1,1.0,1.0346464844561327,0
107,Farrah Franklin,Solange,0.0,0.0,0.0,0.0,13,0,0.5109941363334656,1.2720874851381982,0
108,College of Commerce,College of Commerce,1.0,1.0,1.0,1.0,0,1,1.0,1.0757239388797906,0
109,a couple of years,IDK,0.0,0.0,0.0,0.0,17,0,0.32711687684059143,1.1582908127713345,1
110,Father James Burns,Father James Burns,1.0,1.0,1.0,1.0,0,1,1.0,1.005696938370141,0
111,boyfriend left her,a return to her African roots,0.125,0.3333333333333333,0.16666666666666666,0.2222222222222222,24,0,0.3541310727596283,1.1527524574577923,0
112,split with Luckett and Rober,the split with Luckett and Roberson,0.5714285714285714,0.8,0.6666666666666666,0.7272727272727272,7,0,0.8453111052513123,1.0981246829661397,0
113,Agnèz Deréon,IDK,0.0,0.0,0.0,0.0,11,0,0.39367735385894775,1.0282253593634039,1
114,Deréon.,Deréon,0.5,0.5,1.0,0.6666666666666666,1,0,0.7575332522392273,1.0068892912526939,0
115,her mother,her mother,1.0,1.0,1.0,1.0,0,1,1.0,1.0478108402674173,0
116,First Lady Michelle Obama,Notre Dame,0.0,0.0,0.0,0.0,20,0,0.35200029611587524,1.0125174291938783,0
117,February 2013,February 2013,1.0,1.0,1.0,1.0,0,1,1.0,1.0165534753432084,0
118,to take control of her own career,"She commented: ""I think about Madonna and how she took all of the great things she achieved and started the label and developed other artists. But there are not enough of those women.""",0.02631578947368421,0.14285714285714285,0.03125,0.05128205128205128,158,0,0.3955164849758148,1.0693494279945037,0
119,a strong woman,the definition of inspiration and a strong woman,0.375,1.0,0.375,0.5454545454545454,34,0,0.6673164367675781,1.0599270524102713,0
120,73 million,IDK,0.0,0.0,0.0,0.0,10,0,0.40470027923583984,1.283943749042981,1
121,Summertime,Summertime,1.0,1.0,1.0,1.0,0,1,1.0,1.01380043846104,0
122,The Fighting Temptations,The Fighting Temptations,1.0,1.0,1.0,1.0,0,1,1.0,1.0052261103097797,0
123,Missy Elliott,"Missy Elliott, MC Lyte, and Free",0.2857142857142857,1.0,0.2857142857142857,0.4444444444444445,19,0,0.6255353093147278,1.0217995160630393,0
124,The Fighting Temptations,The Fighting Temptations,1.0,1.0,1.0,1.0,0,1,1.0,1.0132809598574246,0
125,2009,2007,0.0,0.0,0.0,0.0,1,0,0.8995513916015625,1.2323035127819209,0
126,C&A,Jerian Grant,0.0,0.0,0.0,0.0,12,0,0.4251936674118042,1.369614282590174,0
127,House of Brands,Beyond Productions,0.0,0.0,0.0,0.0,15,0,0.4668887257575989,1.168999558640368,0
128,"May 27, 2010","May 27, 2010",1.0,1.0,1.0,1.0,0,1,1.0,1.0197380942329135,0
129,4,4,1.0,1.0,1.0,1.0,0,1,0.9999999403953552,1.0026954549098546,0
130,"March 30, 2015","March 30, 2015",1.0,1.0,1.0,1.0,0,1,1.0,1.0320639473395599,0
131,Aspiro,Aspiro,1.0,1.0,1.0,1.0,0,1,1.0,1.0007054388694252,0
132,Michigan Wolverines football team,Army,0.0,0.0,0.0,0.0,32,0,0.3381519913673401,1.102346487133915,0
133,"April 4, 2008","April 4, 2008",1.0,1.0,1.0,1.0,0,1,1.0,1.006174710669754,0
134,Paris.,New York,0.0,0.0,0.0,0.0,8,0,0.48297151923179626,1.2770501903772402,0
135,Congregation of Holy Cross,Congregation of Holy Cross,1.0,1.0,1.0,1.0,0,1,1.0,1.0230653085997539,0
136,George Zimmerman,George Zimmerman,1.0,1.0,1.0,1.0,0,1,0.9999998807907104,1.0061588500055885,0
137,4 million,$4 million,0.6666666666666666,1.0,0.6666666666666666,0.8,1,0,0.7541641592979431,1.0146846584316227,0
138,a rally,a rally,1.0,1.0,1.0,1.0,0,1,0.9999998807907104,1.3029461491087668,0
139,2013,2013,1.0,1.0,1.0,1.0,0,1,0.9999999403953552,1.0094612514424985,0
140,almost $100 million,$100 million,0.75,0.75,1.0,0.8571428571428571,7,0,0.8796620965003967,1.1241420442369758,0
141,oldest university band in continuous existence in the United States,oldest university band in continuous existence in the United States,1.0,1.0,1.0,1.0,0,1,1.0,1.042368920125402,0
142,The Pink Panther,"Knute Rockne, All American",0.0,0.0,0.0,0.0,20,0,0.3033289611339569,1.1442517550291786,0
143,Shakira,Shakira,1.0,1.0,1.0,1.0,0,1,1.0,1.0004389397002944,0
144,2007,2009–2010,0.0,0.0,0.0,0.0,6,0,0.6365140676498413,1.0722005586282701,0
145,National Collegiate Athletic Association,NCAA,0.0,0.0,0.0,0.0,36,0,0.38812485337257385,1.1326138576762237,0
146,1879,1879,1.0,1.0,1.0,1.0,0,1,1.0000001192092896,1.0075711207223035,0
147,acting,Beyoncé's third solo album I Am... Sasha Fierce,0.0,0.0,0.0,0.0,44,0,0.33196133375167847,1.102033446080229,0
148,Jay Z,Jay Z,1.0,1.0,1.0,1.0,0,1,0.9999999403953552,1.0013077499729448,0
149,B'Day,B'Day,1.0,1.0,1.0,1.0,0,1,0.9999999403953552,1.0017310904262193,0
150,1851–1921,1851–1921,1.0,1.0,1.0,1.0,0,1,0.9999999403953552,1.0080992403218008,0
151,five.,five,0.5,0.5,1.0,0.6666666666666666,1,0,0.7088813185691833,1.0861433739867368,0
152,Luther Vandross.,Luther Vandross,0.6666666666666666,0.6666666666666666,1.0,0.8,1,0,0.8861501216888428,1.0102448448511474,0
153,Crazy in Love,Irreplaceable,0.0,0.0,0.0,0.0,11,0,0.34007006883621216,1.0410949287030586,0
154,The Daily Mail,The Daily Mail,1.0,1.0,1.0,1.0,0,1,1.0,1.040478855666113,0
155,praise her range and power,"the ""Notre Dame Victory March"" ranks as the greatest fight song of all time",0.0,0.0,0.0,0.0,61,0,0.3117063641548157,1.0589363783815917,0
156,influential,Sexiest,0.0,0.0,0.0,0.0,9,0,0.4818930923938751,1.0597467381883228,0
157,modern-day feminist,that word can be very extreme... But I guess I am a modern-day feminist. I do believe in equality,0.10526315789473684,1.0,0.10526315789473684,0.1904761904761905,78,0,0.47407498955726624,1.0743332269235073,0
158,"love, relationships, and monogamy",high definition music videos,0.0,0.0,0.0,0.0,26,0,0.3672653138637543,1.255541070262241,0
159,52,ten,0.0,0.0,0.0,0.0,3,0,0.5822060108184814,1.1190281804457003,0
160,two,two,1.0,1.0,1.0,1.0,0,1,0.9999999403953552,1.0679673575188309,0
161,the First Couple's first inaugural ball.,First Couple's first inaugural ball,0.75,0.75,1.0,0.8571428571428571,5,0,0.8720496892929077,1.0472071308093618,0
162,Phoenix House,Phoenix House,1.0,1.0,1.0,1.0,0,1,1.0,1.022804688868301,0
163,three,three,1.0,1.0,1.0,1.0,0,1,1.0,1.0175536158223755,0
164,Vogue,Time,0.0,0.0,0.0,0.0,4,0,0.6515626907348633,1.0315177656567043,0
165,three,three,1.0,1.0,1.0,1.0,0,1,1.0,1.014012907387422,0
166,Coldplay,Coldplay,1.0,1.0,1.0,1.0,0,1,1.0,1.0014085164592599,0
167,three,three,1.0,1.0,1.0,1.0,0,1,1.0,1.0238676901405008,0
168,eleven,eleven,1.0,1.0,1.0,1.0,0,1,0.9999998807907104,1.234106892306338,0
169,October 2001,2003,0.0,0.0,0.0,0.0,9,0,0.6659019589424133,1.2227373484512272,0
170,The Recording Industry Association of America,The Recording Industry Association of America,1.0,1.0,1.0,1.0,0,1,1.0,1.0199690059389983,0
171,2014,2013,0.0,0.0,0.0,0.0,1,0,0.9421758651733398,1.3210678308644015,0
172,four,five,0.0,0.0,0.0,0.0,3,0,0.9129936695098877,1.2469809828984197,0
173,Barcelona,Barcelona,1.0,1.0,1.0,1.0,0,1,1.0,1.004072918178041,0
174,2006,2006,1.0,1.0,1.0,1.0,0,1,1.0000001192092896,1.033925918561279,0
175,Condoleezza Rice,Condoleezza Rice,1.0,1.0,1.0,1.0,0,1,1.0,1.004041984603105,0
176,18th overall,18th,0.5,0.5,1.0,0.6666666666666666,8,0,0.5826592445373535,1.1115007806981552,0
177,1958,1958,1.0,1.0,1.0,1.0,0,1,0.9999998211860657,1.0051536526382134,0
178,"268,000 tweets per minute","268,000 tweets per minute",1.0,1.0,1.0,1.0,0,1,0.9999999403953552,1.0921696333851112,0
179,over 80%,IDK,0.0,0.0,0.0,0.0,8,0,0.407992422580719,1.1382405848678203,1
180,Fifty-seven,Fifty-seven,1.0,1.0,1.0,1.0,0,1,1.0000001192092896,1.0299837520137836,0
181,January 2013,"November 15, 2004",0.0,0.0,0.0,0.0,13,0,0.5507715344429016,1.0765175939189802,0
182,around 8 million copies,11 million,0.2,0.25,0.5,0.3333333333333333,15,0,0.5776873826980591,1.1438626524140496,0
183,a species of horse fly,Scaptia beyonceae,0.0,0.0,0.0,0.0,17,0,0.36128610372543335,1.033183797951491,0
184,Men in Black,Men in Black,1.0,1.0,1.0,1.0,0,1,0.9999999403953552,1.0036504673571935,0
185,Men in Black.,Men in Black,0.75,0.75,1.0,0.8571428571428571,1,0,0.8807592988014221,1.0027371858581413,0
186,Book of Isaiah.,a passage in the Book of Isaiah,0.375,0.75,0.42857142857142855,0.5454545454545454,18,0,0.6786652207374573,1.139825741545416,0
187,Pat O'Brien,Pat O'Brien,1.0,1.0,1.0,1.0,0,1,1.0,1.0006390195076087,0
188,Alliance for Catholic Education,Alliance for Catholic Education,1.0,1.0,1.0,1.0,0,1,1.0,1.042352074892328,0
189,a week-long Klavern,Klavern,0.3333333333333333,0.3333333333333333,1.0,0.5,12,0,0.6304123401641846,1.1627264774071189,0
190,the iTunes Store,December,0.0,0.0,0.0,0.0,13,0,0.36315640807151794,2.7431173524127064,0
191,the iTunes Store,worldwide,0.0,0.0,0.0,0.0,15,0,0.4897586703300476,1.013791833969693,0
192,"over 1,600","1,600",0.5,0.5,1.0,0.6666666666666666,5,0,0.8056145906448364,1.2239037395772239,0
193,Mike Brey,Mike Brey,1.0,1.0,1.0,1.0,0,1,0.9999999403953552,1.0016836608267345,0
194,Theodore Hesburgh Library,Theodore Hesburgh Library,1.0,1.0,1.0,1.0,0,1,1.0,1.0232617719551593,0
195,Duncan Hall,Duncan Hall,1.0,1.0,1.0,1.0,0,1,1.0,1.0075260270457944,0
196,highest-earning power couple,highest-earning power couple,1.0,1.0,1.0,1.0,0,1,1.0,1.0607958649334073,0
197,250 million,$250 million,0.6666666666666666,1.0,0.6666666666666666,0.8,1,0,0.8117700219154358,1.0320998620759012,0
198,March 2009,2009–2010,0.0,0.0,0.0,0.0,8,0,0.618366003036499,1.0615166324342993,0
199,Sasha Fierce,Sasha Fierce,1.0,1.0,1.0,1.0,0,1,1.0,1.0091883786459865,0
